{
    "week": [{
        "week_name": "This Week",
        "week_range": {
            "start_date": "19-06-2017",
            "end_date": "23-06-2017"
        },
        "is_current": true,
        "is_previous": false,
        "total_hours": 18,
        "week_no": 25
    }],
    "dates": [{
            "date": "19-06-2017",
            "start_time": "09:24:00",
            "end_time": "18:40:00",
            "hours_completed": "09:16:00",
            "status_flag": "none",
            "start_edit_flag": false,
            "end_edit_flag": false,
            "week_no": 25,
            "error": "none"
        },
        {
            "date": "20-06-2017",
            "start_time": "09:40:00",
            "end_time": "18:45:00",
            "hours_completed": "09:05:00",
            "status_flag": "none",
            "start_edit_flag": false,
            "end_edit_flag": false,
            "week_no": 25,
            "error": "error1"
        },
        {
            "date": "21-06-2017",
            "start_time": "09:45:00",
            "end_time": "19:13:00",
            "hours_completed": "09:30:00",
            "status_flag": "none",
            "start_edit_flag": false,
            "end_edit_flag": false,
            "week_no": 25,
            "error": "error2"
        },
        {
            "date": "22-06-2017",
            "start_time": "09:28:00",
            "end_time": "18:48:00",
            "hours_completed": "09:20:00",
            "status_flag": "none",
            "start_edit_flag": false,
            "end_edit_flag": true,
            "week_no": 25,
            "error": "error3"
        },
        {
            "date": "23-06-2017",
            "start_time": "09:35:00",
            "end_time": "",
            "hours_completed": "09:16:00",
            "status_flag": "online",
            "start_edit_flag": true,
            "end_edit_flag": false,
            "week_no": 25,
            "error": "error4"
        }
    ]
}